<?xml version="1.0" encoding="utf-8" standalone="yes"?><rss version="2.0" xmlns:atom="http://www.w3.org/2005/Atom" xmlns:content="http://purl.org/rss/1.0/modules/content/"><channel><title>Code on Yusuf Evirgen</title><link>https://yourname.github.io/code/</link><description>Recent content in Code on Yusuf Evirgen</description><generator>Hugo -- 0.147.0</generator><language>en</language><lastBuildDate>Tue, 15 Aug 2023 00:00:00 +0000</lastBuildDate><atom:link href="https://yourname.github.io/code/index.xml" rel="self" type="application/rss+xml"/><item><title>Data Visualization Tools</title><link>https://yourname.github.io/code/data-visualization/</link><pubDate>Tue, 15 Aug 2023 00:00:00 +0000</pubDate><guid>https://yourname.github.io/code/data-visualization/</guid><description>A collection of Python functions for creating publication-quality data visualizations</description></item></channel></rss>