[{"content":"","permalink":"https://yourname.github.io/research/working-papers/a-gift-for-an-autocrat/","summary":"","title":"A Gift for An Autocrat: Failed Coups"},{"content":"","permalink":"https://yourname.github.io/research/working-papers/more-violence-more-rewards/","summary":"","title":"More Violence More Rewards: Appointment of Governors"},{"content":"Overview This course is an introduction of the methods and theory of quantitative analysis of documents and natural language processing. Students will learn to use modern tools and Python packages to analyze texts as individual words, sentences, and entire documents. Topics may include word counting, topic modelling, machine translation, regular expressions, and sentiment analysis. Prior programming experience is useful. This course is only open to students with sophomore standing or higher.\nCourse Content Algorithmic Paradigms Dynamic Programming Advanced Techniques Amortized Analysis Randomized Algorithms Approximation Algorithms Online Algorithms Complexity Theory NP-Completeness (review and extensions) PSPACE and EXPTIME Parameterized Complexity Quantum Computing Complexity Domain-Specific Algorithms Network Flow Algorithms Computational Geometry String Algorithms Graph Algorithms Parallel Algorithms Assignments Students will complete:\nTheoretical Problem Sets (40%): Four problem sets focusing on algorithm design and analysis Implementation Projects (30%): Two programming projects implementing and analyzing advanced algorithms Research Paper (20%): An in-depth exploration of a specialized algorithm or algorithmic technique Class Participation (10%): Including algorithm presentations and discussions Class Structure Each week consists of:\nTwo 90-minute lectures (Tuesday/Thursday) One optional recitation session (Friday) Weekly office hours Prerequisites Undergraduate Algorithms (equivalent to CS 330) Discrete Mathematics Strong programming skills (preferably in C++, Java, or Python) Mathematical maturity Course Materials Required Textbooks \u0026ldquo;Algorithm Design\u0026rdquo; by Kleinberg and Tardos \u0026ldquo;The Algorithm Design Manual\u0026rdquo; by Skiena Supplementary Resources \u0026ldquo;Introduction to Algorithms\u0026rdquo; by Cormen, Leiserson, Rivest, and Stein \u0026ldquo;Randomized Algorithms\u0026rdquo; by Motwani and Raghavan \u0026ldquo;Computational Geometry: Algorithms and Applications\u0026rdquo; by de Berg et al. Weekly Schedule Week Topic Reading 1 Review of Algorithm Analysis Kleinberg Ch. 1-2 2 Advanced Dynamic Programming Kleinberg Ch. 6 3 Amortized Analysis Skiena Ch. 10 4 Randomized Algorithms I Motwani Ch. 1-2 5 Randomized Algorithms II Motwani Ch. 3-4 6 NP-Completeness Review Kleinberg Ch. 8 7 Approximation Algorithms Kleinberg Ch. 11 8 Network Flow Advanced Topics Kleinberg Ch. 7 9 Computational Geometry Foundations de Berg Ch. 1-2 10 String Algorithms Skiena Ch. 18 11 Advanced Graph Algorithms Skiena Ch. 15-16 12 Parallel Algorithms Selected Papers 13 Quantum Algorithms Selected Papers 14 Special Topics \u0026amp; Research Presentations - Research Project Guidelines The research project requires students to:\nSelect an advanced algorithm not covered in depth in the course Research its theoretical foundations Implement the algorithm (when applicable) Analyze its performance empirically Write a technical paper (8-10 pages) and present findings Example topics include:\nSpectral graph algorithms Algorithmic game theory Machine learning algorithms Cryptographic algorithms Quantum computing algorithms ","permalink":"https://yourname.github.io/teaching/text-mining/","summary":"A graduate-level algorithms course focusing on advanced algorithmic techniques, complexity analysis, and specialized algorithms for specific problem domains. Students will implement algorithms and analyze their performance through practical assignments.","title":"Text Mining"},{"content":"Course Description This intensive math bootcamp is designed specifically for political science students seeking to build the quantitative foundations necessary for success in advanced coursework in statistical modeling and game theory. The course covers essential mathematical tools—including linear algebra, calculus, probability theory, and basic optimization—through the lens of political analysis. By the end of the course, students will be equipped with the core mathematical skills needed to confidently engage with formal models, quantitative data, and theoretical frameworks in political science research.\n","permalink":"https://yourname.github.io/teaching/math-camp-25/","summary":"This intensive math bootcamp is designed specifically for political science students seeking to build the quantitative foundations necessary for success in advanced coursework in statistical modeling and game theory.","title":"Math Bootcamp"},{"content":"","permalink":"https://yourname.github.io/research/articles/ripe-moments/","summary":"","title":"Ripe moments for terror attacks: Opportunity benefits–reputation tradeoff"},{"content":"Course Description This course is designed to introduce students to the use of formal models to approach social science problems. Formal theory establishes a set of tools with which generalizations become facilitated and predictions can be made to uncover the complexities of interdependent decision making and the strategies involved. As a tool for understanding politics in the real world, the abstractions from reality that make good modeling possible also must lead to testable hypotheses or insights about mechanisms and relationships that provide a framework for interpreting and understanding what we observe.\n","permalink":"https://yourname.github.io/teaching/formal-theory-wu/","summary":"This course is designed to introduce students to the use of formal models to approach social science problems.","title":"Introduction to Formal Theory"},{"content":"Course Description This course offers experience in discovering, manipulating, analyzing, and visualizing data drawn from various real-world professional, social, and cultural contexts. Students will gain enhanced data literacy, an immersion into critical data studies, an understanding of the processes behind data-driven decision-making, and the ability to interpret claims based on data and its visualization. They will also explore the problems inherent in data-driven approaches, such as missing data, algorithmic bias, and privacy and surveillance concerns, with a special focus on those communities that are often marginalized or disadvantaged by data-driven decisions.\n","permalink":"https://yourname.github.io/teaching/data-and-society-ford/","summary":"This course offers experience in discovering, manipulating, analyzing, and visualizing data drawn from various real-world professional, social, and cultural contexts.","title":"Data and Society"},{"content":"Course Overview This course is designed to introduce students to the use of formal models to approach social science problems. Formal theory establishes a set of tools with which generalizations become facilitated and predictions can be made to uncover the complexities of interdependent decision making and the strategies involved. As a tool for understanding politics in the real world, the abstractions from reality that make good modeling possible also must lead to testable hypotheses or insights about mechanisms and relationships that provide a framework for interpreting and understanding what we observe.\n","permalink":"https://yourname.github.io/teaching/formal-theory-akcinaroglu/","summary":"This course is designed to introduce students to the use of formal models to approach social science problems.","title":"Introduction to Formal Theory"},{"content":"About this Appearance I and my co-author Seden Akcinaroglu were interviewed by Binghamton University. We discussed our latest paper, \u0026ldquo;Ripe Moments for Terror Attacks: Opportunity Benefits-Reputation Tradeoff,\u0026rdquo; which was published in Conflict Management and Peace Science. You can access the interview by clicking the link above.\nQuotes \u0026ldquo;Reputation is crucial for terrorist groups because it affects their ability to gain public support, attract recruits, and negotiate with governments.\u0026rdquo;\n","permalink":"https://yourname.github.io/public-appearances/bingunews/","summary":"Reputation is crucial for terrorist groups because it affects their ability to gain public support, attract recruits, and negotiate with governments.","title":"Terrorists time their attacks during periods of security or financial crisis"},{"content":"Course Description This intensive math bootcamp is designed specifically for political science students seeking to build the quantitative foundations necessary for success in advanced coursework in statistical modeling and game theory. The course covers essential mathematical tools—including linear algebra, calculus, probability theory, and basic optimization—through the lens of political analysis. By the end of the course, students will be equipped with the core mathematical skills needed to confidently engage with formal models, quantitative data, and theoretical frameworks in political science research.\n","permalink":"https://yourname.github.io/teaching/math-camp-24/","summary":"This intensive math bootcamp is designed specifically for political science students seeking to build the quantitative foundations necessary for success in advanced coursework in statistical modeling and game theory.","title":"Math Bootcamp"},{"content":"Course Description This course introduces students to the fascinating intersections between video games and world politics. Students will explore how popular video games mirror, critique, and influence political ideologies, power dynamics, diplomacy, and historical events through gameplay, analysis, and discussion. By actively engaging with games like Europa Universalis 4, Civilization series, Call of Duty series, and Far Cry series, participants will gain a deeper understanding of world politics, historically and in contemporary debates. Students are expected to have acquired knowledge of some major theories of International Relations as well as concepts and issues, including but not limited to Interstate and Intrastate War, International Institutions, Anarchy, Realism, Liberalism, Cultural Hegemony, Balance of Power, Populism, Globalization, etc. by the end of this course. They are also expected to have developed skills to engage with video games critically.\n","permalink":"https://yourname.github.io/teaching/video-games-and-world-politics/","summary":"This course introduces students to the fascinating intersections between video games and world politics.","title":"Video Games and World Politics"},{"content":"Data Visualization Tools This page provides a collection of Python functions that I frequently use to create publication-quality data visualizations. Feel free to use and adapt these code snippets for your own research.\nBasic Plot with Custom Styling Here\u0026rsquo;s a basic example of creating a well-styled plot with Matplotlib:\nimport matplotlib.pyplot as plt import numpy as np import seaborn as sns # Set the style plt.style.use(\u0026#39;seaborn-whitegrid\u0026#39;) sns.set_context(\u0026#34;paper\u0026#34;) def create_styled_plot(x, y, title=None, xlabel=None, ylabel=None, color=\u0026#39;#1f77b4\u0026#39;): \u0026#34;\u0026#34;\u0026#34; Create a nicely styled plot with custom formatting. Parameters: ----------- x, y : array-like The data to plot title, xlabel, ylabel : str Plot labels color : str Line color in hex Returns: -------- fig, ax : Figure and Axes objects \u0026#34;\u0026#34;\u0026#34; fig, ax = plt.subplots(figsize=(8, 5)) # Plot the main data ax.plot(x, y, color=color, linewidth=2.5) # Add labels and title if xlabel: ax.set_xlabel(xlabel, fontsize=12) if ylabel: ax.set_ylabel(ylabel, fontsize=12) if title: ax.set_title(title, fontsize=14, fontweight=\u0026#39;bold\u0026#39;) # Customize the plot appearance ax.spines[\u0026#39;top\u0026#39;].set_visible(False) ax.spines[\u0026#39;right\u0026#39;].set_visible(False) ax.tick_params(labelsize=10) # Improve layout fig.tight_layout() return fig, ax # Example usage x = np.linspace(0, 10, 100) y = np.sin(x) * np.exp(-0.1 * x) fig, ax = create_styled_plot( x, y, title=\u0026#34;Damped Sine Wave\u0026#34;, xlabel=\u0026#34;Time (s)\u0026#34;, ylabel=\u0026#34;Amplitude\u0026#34;, color=\u0026#34;#2a7bbd\u0026#34; ) # Add a grid for better readability ax.grid(True, linestyle=\u0026#39;--\u0026#39;, alpha=0.7) # Optional: Add annotations ax.annotate(\u0026#39;Maximum\u0026#39;, xy=(1.6, 0.8), xytext=(3, 0.9), arrowprops=dict(facecolor=\u0026#39;black\u0026#39;, shrink=0.05, width=1.5)) plt.show() Multiple Subplots When you need to compare different datasets or views, a grid of subplots is often useful:\ndef create_subplot_grid(data_list, titles=None, xlabel=None, ylabel=None, n_cols=2, figsize=(10, 8)): \u0026#34;\u0026#34;\u0026#34; Create a grid of subplots for multiple datasets. Parameters: ----------- data_list : list of tuples List of (x, y) data tuples to plot titles : list of str List of subplot titles xlabel, ylabel : str Common axis labels n_cols : int Number of columns in the grid figsize : tuple Figure size Returns: -------- fig : Figure object \u0026#34;\u0026#34;\u0026#34; n_plots = len(data_list) n_rows = (n_plots + n_cols - 1) // n_cols fig, axes = plt.subplots(n_rows, n_cols, figsize=figsize) # Flatten the axes array for easy indexing if n_rows \u0026gt; 1 or n_cols \u0026gt; 1: axes = axes.flatten() else: axes = [axes] # Create each subplot for i, (x, y) in enumerate(data_list): if i \u0026lt; n_plots: ax = axes[i] ax.plot(x, y, linewidth=2) # Add title if provided if titles and i \u0026lt; len(titles): ax.set_title(titles[i]) # Add common labels only to outer plots if i % n_cols == 0 and ylabel: # Left edge ax.set_ylabel(ylabel) if i \u0026gt;= (n_rows-1) * n_cols and xlabel: # Bottom edge ax.set_xlabel(xlabel) # Remove top and right spines ax.spines[\u0026#39;top\u0026#39;].set_visible(False) ax.spines[\u0026#39;right\u0026#39;].set_visible(False) # Hide any unused subplots for i in range(n_plots, n_rows * n_cols): axes[i].axis(\u0026#39;off\u0026#39;) plt.tight_layout() return fig # Example usage x = np.linspace(0, 10, 100) data_list = [ (x, np.sin(x)), (x, np.cos(x)), (x, np.sin(2*x)), (x, np.cos(2*x)), (x, np.sin(x) * np.cos(x)) ] titles = [\u0026#39;sin(x)\u0026#39;, \u0026#39;cos(x)\u0026#39;, \u0026#39;sin(2x)\u0026#39;, \u0026#39;cos(2x)\u0026#39;, \u0026#39;sin(x)cos(x)\u0026#39;] fig = create_subplot_grid( data_list, titles=titles, xlabel=\u0026#39;x\u0026#39;, ylabel=\u0026#39;y\u0026#39;, n_cols=2 ) plt.show() Usage Notes These functions are designed to work with Matplotlib 3.x and Seaborn For publication-quality figures, save using: fig.savefig(\u0026#39;figure.pdf\u0026#39;, dpi=300, bbox_inches=\u0026#39;tight\u0026#39;) For web usage, PNG format is usually more appropriate: fig.savefig(\u0026#39;figure.png\u0026#39;, dpi=150, bbox_inches=\u0026#39;tight\u0026#39;) You can find more examples and the full source code in my GitHub repository.\n","permalink":"https://yourname.github.io/code/data-visualization/","summary":"A collection of Python functions for creating publication-quality data visualizations","title":"Data Visualization Tools"},{"content":"Course Description This course is designed to introduce students to the use of formal models to approach social science problems. Formal theory establishes a set of tools with which generalizations become facilitated and predictions can be made to uncover the complexities of interdependent decision making and the strategies involved. As a tool for understanding politics in the real world, the abstractions from reality that make good modeling possible also must lead to testable hypotheses or insights about mechanisms and relationships that provide a framework for interpreting and understanding what we observe.\n","permalink":"https://yourname.github.io/teaching/formal-theory-magleby/","summary":"This course is designed to introduce students to the use of formal models to approach social science problems.","title":"Introduction to Formal Theory"},{"content":"Overview Introductory survey of American politics and government, including a review of constitutional foundations, the organization and influence of elections and public opinion, and in-depth looks at the three branches of the national government. Format: Evaluation is based on examinations, papers, and active participation in discussion sessions.\n","permalink":"https://yourname.github.io/teaching/introduction-to-american-politics/","summary":"Introductory survey of American politics and government, including a review of constitutional foundations, the organization and influence of elections and public opinion, and in-depth looks at the three branches of the national government.","title":"Introduction to American Politics"},{"content":"Course Description Welcome to our study of social movement and protest. This class will help to explore scholarship from comparative politics, international relations, and political sociology that focuses on the development of social movements and the outcomes that they produce. As we connect history, theory, and scholarship to contemporary politics, key questions will include: How do social movements mobilize under different regime types? Does state repression deter contentious collective action? When do protests lead to political change?\nLearning Objectives By the end of this course, you should have a good understanding of the major theoretical debates about social movements and protests and cursory knowledge of several different social movements and protests in several countries such as the United States, China, Russia, Ukraine, Egypt, Turkey, Mexico, etc. While this is not a course in current events, I expect you to be familiar with contemporary issues in world politics. Even a minimal effort to familiarize yourself with current happenings – in light of the material covered in class – is likely to greatly increase your returns from this course.By the end of this course, you should have a good understanding of the major theoretical debates about social movements and protests and cursory knowledge of several different social movements and protests in several countries such as the United States, China, Russia, Ukraine, Egypt, Turkey, Mexico, etc. While this is not a course in current events, I expect you to be familiar with contemporary issues in world politics. Even a minimal effort to familiarize yourself with current happenings – in light of the material covered in class – is likely to greatly increase your returns from this course.\nCourse Structure Lectures: Thursday 6:00 PM - 9:00 PM Office Hours: Friday 1:30-3:00 PM, and by appointment Required Materials Readings and Course Materials: There are no required books for this course. Our reading list includes scholarly articles and book chapters, as well as some news articles, op-eds, or other popular media. In most cases you will be able to access them online. Occasionally I may distribute notes and/or reading guides to aid your comprehension. You should come to class prepared to discuss the items listed under each day. On days without a class meeting, the items listed are for you to engage in lieu of a seminar meeting. Some of the material will be technically and theoretically challenging (e.g., some of the scholarly articles utilize formal mathematical modeling and/or advanced statistics). I do not expect any of you to have any background in advanced political research methods and, in most cases, my main concern is not in the technical details. Rather, my goal is for you to develop an intuitive understanding of the central arguments and conclusions and for you to be able to explain them. Assessment Component Percentage Due Dates Attendance and Participation 15% Ongoing Midterm Exam 20% October 13 Movie Review 15% October 6 Case Study Presentation 15% Week 11 Final Paper 35% Finals Week Course Content Part I: Defining Social Movements and Mobilization (Week 1 - 7) Theoretical foundations: collective action theories Resource mobilization theory Political process and opportunity structures Framing processes and movement narratives Transnational movements and globalization Digital activism and social media mobilization Movement organizations and networks Part II: State Repression and Movement Outcomes (Weeks 8-10) State responses to contention: repression and concessions Tactical innovation and adaptation Movement impacts on policy and politics Cultural and social outcomes of movements Activist biographies and movement participation Emotions and identity in movement dynamics Movement decline and demobilization Part III: Protests Around the World (Weeks 11-14) Arab Spring and Middle East movements Protest in authoritarian regimes Democracy movements in East Asia Economic justice and anti-austerity protests Environmental and climate movements Racial justice and civil rights movements Gender, sexuality, and protest politics Assignment Details Attendance \u0026amp; Participation (15%) Please, make all reasonable attempts to let me know of circumstances that may impact your ability to fulfill your course obligations as soon as possible. It is your responsibility to read carefully the assigned readings, to attend and participate in all class meetings/activities, and to write and turn in written assignments on time and in the appropriate format. I trust you will respect all in the class by avoiding excessively late arrivals, repeated early exits, or otherwise disruptive behavior. I am just going to assume that a) none of us would be so unscrupulous as to take unfair advantage of my – and others\u0026rsquo; – willingness to be generous and flexible with each other and b) all of us will abide by the principle that honesty, integrity, and care for others in our communications and our scholarship is of paramount importance.\nMidterm Exam (20%) The midterm exam is designed to demonstrate how well you understand the foundational social movement theories. They will be multiple choice/short answer in format. Midterm exam will be held on October 13.\nCase Study Presentation (15%) Each student will select a case study from the list in the Course Schedule and make an in-class presentation (15-20 minutes) based on the article and own research about the case. The presentation slides should be sent as an email to me no later than 5 p.m. on Thursday (the class day).\nMovie Reviews (15%) You will write a critical review (4-5 pages each, standard formatting) of one of the films on our syllabus. These papers are not to be film summaries. Rather, they are meant to engage your ability to synthesize and critique the material in the film in light of our course materials. For example, you might discuss how the film delves further into a key definition or dynamic that we discussed in class (or not), addresses unanswered questions, or highlights something new that you hadn\u0026rsquo;t yet considered. You should run your off-syllabus film choice past me no later than October 6. The papers are due by December 8.\nMovies are: I am not Your Negro, The Square, There is No Evil, 13th, Passing, The Trial of Chicago 7, Beats of No Nation, Suffragette, Winter on Fire: Ukraine\u0026rsquo;s Fight For Freedom, The Help (2011).\nFinal Paper (35%) You will write a final (research) paper on any social movement of your choosing. You can choose a social movement by considering the syllabus but your arguments and analysis should be different from the articles that we read in the class. The main purpose of the final paper will be to incorporate theories and concepts from the readings and the course into an analysis of the social movement that you choose. All written assignments should be double-spaced and use a 12-point font Times New Roman. Final paper should be around 10-15 pages. The final paper is due on December 15.\nWeekly Schedule Week Topics Readings 1 Introduction to Social Movement Theory McAdam, D., McCarthy, J. D., \u0026amp; Zald, M. N. (1996). \u0026ldquo;Introduction\u0026rdquo; in Comparative Perspectives on Social MovementsTilly, C. (1978). \u0026ldquo;Social Movements and National Politics\u0026rdquo; in From Mobilization to RevolutionDella Porta, D. \u0026amp; Diani, M. (2006). \u0026ldquo;The Study of Social Movements: Recurring Questions\u0026rdquo; in Social Movements: An Introduction 2 Resource Mobilization McCarthy, J. D. \u0026amp; Zald, M. N. (1977). \u0026ldquo;Resource Mobilization and Social Movements: A Partial Theory\u0026rdquo; Jenkins, J. C. (1983). \u0026ldquo;Resource Mobilization Theory and the Study of Social Movements\u0026rdquo;Edwards, B. \u0026amp; McCarthy, J. D. (2004). \u0026ldquo;Resources and Social Movement Mobilization\u0026rdquo; 3 Political Process Theory Tarrow, S. (2011). \u0026ldquo;Power in Movement,\u0026rdquo; Chapters 1-3McAdam, D. (1982). \u0026ldquo;The Political Process Model\u0026rdquo; in Political Process and the Development of Black InsurgencyMeyer, D. S. (2004). \u0026ldquo;Protest and Political Opportunities\u0026rdquo; 4 Framing Processes Snow, D. A. \u0026amp; Benford, R. D. (1988). \u0026ldquo;Ideology, Frame Resonance, and Participant Mobilization\u0026rdquo;Benford, R. D. \u0026amp; Snow, D. A. (2000). \u0026ldquo;Framing Processes and Social Movements: An Overview\u0026rdquo;Gamson, W. A. (1992). \u0026ldquo;The Social Psychology of Collective Action\u0026rdquo; 5 Collective Identity Polletta, F. \u0026amp; Jasper, J. M. (2001). \u0026ldquo;Collective Identity and Social Movements\u0026rdquo;Melucci, A. (1989). \u0026ldquo;Nomads of the Present: Social Movements and Individual Needs\u0026rdquo;Taylor, V. \u0026amp; Whittier, N. (1992). \u0026ldquo;Collective Identity in Social Movement Communities\u0026rdquo; 6 Midterm Exam; State Repression Davenport, C. (2007). \u0026ldquo;State Repression and Political Order\u0026rdquo;Earl, J. (2003). \u0026ldquo;Tanks, Tear Gas, and Taxes: Toward a Theory of Movement Repression\u0026rdquo;Tilly, C. (2003). \u0026ldquo;Repression, Mobilization, and Explanation\u0026rdquo; 7 Social Media and Movements Bennett, W. L. \u0026amp; Segerberg, A. (2012). \u0026ldquo;The Logic of Connective Action\u0026rdquo;Tufekci, Z. (2017). \u0026ldquo;Twitter and Tear Gas: The Power and Fragility of Networked Protest\u0026rdquo;Gerbaudo, P. (2012). \u0026ldquo;Tweets and the Streets: Social Media and Contemporary Activism\u0026rdquo; 8 Protest Tactics and Consequences Chenoweth, E. \u0026amp; Stephan, M. J. (2011). \u0026ldquo;Why Civil Resistance Works\u0026rdquo;Gamson, W. A. (1990). \u0026ldquo;The Strategy of Social Protest\u0026rdquo;McAdam, D. (1983). \u0026ldquo;Tactical Innovation and the Pace of Insurgency\u0026rdquo; 9 Transnational Activism Keck, M. E. \u0026amp; Sikkink, K. (1998). \u0026ldquo;Activists Beyond Borders,\u0026rdquo; Chapters 1-2Smith, J. (2008). \u0026ldquo;Social Movements for Global Democracy\u0026rdquo;Tarrow, S. (2005). \u0026ldquo;The New Transnational Activism\u0026rdquo; 10 Emotions and Movements Jasper, J. M. (1998). \u0026ldquo;The Emotions of Protest\u0026rdquo;Goodwin, J., Jasper, J. M., \u0026amp; Polletta, F. (2001). \u0026ldquo;Passionate Politics: Emotions and Social Movements\u0026rdquo;Summers Effler, E. (2010). \u0026ldquo;Laughing Saints and Righteous Heroes: Emotional Rhythms in Social Movement Groups\u0026rdquo; 11 Case Studies: Arab Spring Beinin, J. \u0026amp; Vairel, F. (2013). \u0026ldquo;Social Movements in the Middle East\u0026rdquo;Lynch, M. (2012). \u0026ldquo;The Arab Uprising: The Unfinished Revolutions of the New Middle East\u0026rdquo;Bayat, A. (2013). \u0026ldquo;Life as Politics: How Ordinary People Change the Middle East\u0026rdquo; 12 Case Studies: Occupy Movement Graeber, D. (2013). \u0026ldquo;The Democracy Project,\u0026rdquo; selectionsGitlin, T. (2012). \u0026ldquo;Occupy Nation: The Roots, the Spirit, and the Promise of Occupy Wall Street\u0026rdquo;Castells, M. (2012). \u0026ldquo;Networks of Outrage and Hope: Social Movements in the Internet Age\u0026rdquo; 13 Case Studies: Black Lives Matter Taylor, K-Y. (2016). \u0026ldquo;From #BlackLivesMatter to Black Liberation\u0026rdquo;Ransby, B. (2018). \u0026ldquo;Making All Black Lives Matter\u0026rdquo;Lebron, C. J. (2017). \u0026ldquo;The Making of Black Lives Matter: A Brief History of an Idea\u0026rdquo; 14 Case Studies: Global Climate Movements Thunberg, G. (2019). \u0026ldquo;No One Is Too Small to Make a Difference\u0026rdquo;de Moor, J. et al. (2020). \u0026ldquo;New Climate Activism: Global Protests for Climate Justice\u0026rdquo;O\u0026rsquo;Brien, K., Selboe, E., \u0026amp; Hayward, B. (2018). \u0026ldquo;Exploring Youth Activism on Climate Change\u0026rdquo; 15 Conclusion: Future of Social Movements Course Review and Final Paper DiscussionMeyer, D. S. \u0026amp; Tarrow, S. (2018). \u0026ldquo;The Resistance: The Dawn of the Anti-Trump Opposition Movement\u0026rdquo;Pleyers, G. (2020). \u0026ldquo;The Pandemic is a Battlefield: Social Movements During the COVID-19 Lockdown\u0026rdquo; ","permalink":"https://yourname.github.io/teaching/social-movement-and-protest/","summary":"An introduction to the fundamental concepts of social movements and protest, examining how movements mobilize under different regime types, the impact of state repression, and when protests lead to political change.","title":"Social Movement and Protest"},{"content":"Overview This course is an introduction to the political systems of countries around the world. Students will gain an understanding of the variety of political structures and processes that exist across the globe, as well as the political parties, social groups and other political actors that influence politics and public policy. The topics we will discuss include political ideologies, constitutions, legislatures, elections and voting behavior, political parties, and social movements. We will also examine how a country’s history, geography, and economy shape its politics. Although the course is structured thematically, we will draw on a wide variety of country cases to illustrate the concepts we discuss.\n","permalink":"https://yourname.github.io/teaching/introduction-to-comparative-politics/","summary":"This course is an introduction to the political systems of countries around the world.","title":"Introduction to Comparative Politics"},{"content":"","permalink":"https://yourname.github.io/research/articles/tunisia-ennahda/","summary":"","title":" Political Islam in Tunisia: The History of Ennahda by Anne Wolf (Book Review)"},{"content":"Contact Information I welcome inquiries about my research, potential collaborations, or speaking engagements. Please feel free to reach out using any of the methods below.\nEmail The best way to contact me is via email:\nAcademic Email: yevirge1@binghamton.edu Response Time: I typically respond to emails within 48 hours on weekdays. Office Address You can find me at my university office during regular office hours or by appointment:\nDepartment of Political Science\nGlenn G. Bartle Library, LNG273\nBinghamton University\nBinghamton, NY 13902\nOffice Hours:\nWednesdays: 2:30 PM - 4:30 PM Or by appointment Mailing Address For sending physical mail, please use my department\u0026rsquo;s mailing address:\nYusuf Evirgen\nDepartment of Political Science Binghamton University\nPO Box 6000 Binghamton, NY 13902-6000\n","permalink":"https://yourname.github.io/contact/","summary":"Get in touch with me for research collaborations, speaking engagements, or questions about my work.","title":"Contact"},{"content":"Dataset Description Variables Included Geographic Coverage Data Format Data Processing Methods Usage Notes Update Schedule ","permalink":"https://yourname.github.io/data/daily-repression-data/","summary":"A comprehensive dataset of daily state repression in Turkey.","title":"State Repression Data from 1990 to 2024 in Turkey"}]