<?xml version="1.0" encoding="utf-8" standalone="yes"?><rss version="2.0" xmlns:atom="http://www.w3.org/2005/Atom" xmlns:content="http://purl.org/rss/1.0/modules/content/"><channel><title>Public Appearances on Yusuf Evirgen</title><link>https://yourname.github.io/public-appearances/</link><description>Recent content in Public Appearances on Yusuf Evirgen</description><generator>Hugo -- 0.147.0</generator><language>en</language><lastBuildDate>Fri, 15 Mar 2024 00:00:00 +0000</lastBuildDate><atom:link href="https://yourname.github.io/public-appearances/index.xml" rel="self" type="application/rss+xml"/><item><title>Terrorists time their attacks during periods of security or financial crisis</title><link>https://yourname.github.io/public-appearances/bingunews/</link><pubDate>Fri, 15 Mar 2024 00:00:00 +0000</pubDate><guid>https://yourname.github.io/public-appearances/bingunews/</guid><description>Reputation is crucial for terrorist groups because it affects their ability to gain public support, attract recruits, and negotiate with governments.</description></item></channel></rss>