<?xml version="1.0" encoding="utf-8" standalone="yes"?><rss version="2.0" xmlns:atom="http://www.w3.org/2005/Atom" xmlns:content="http://purl.org/rss/1.0/modules/content/"><channel><title>Publications on Yusuf Evirgen</title><link>http://localhost:53072/publications/</link><description>Recent content in Publications on Yusuf Evirgen</description><generator>Hugo -- 0.147.0</generator><language>en</language><atom:link href="http://localhost:53072/publications/index.xml" rel="self" type="application/rss+xml"/></channel></rss>