<?xml version="1.0" encoding="utf-8" standalone="yes"?><rss version="2.0" xmlns:atom="http://www.w3.org/2005/Atom" xmlns:content="http://purl.org/rss/1.0/modules/content/"><channel><title>Research on Yusuf Evirgen</title><link>https://yourname.github.io/research/</link><description>Recent content in Research on Yusuf Evirgen</description><generator>Hugo -- 0.147.0</generator><language>en</language><lastBuildDate>Tue, 15 Apr 2025 00:00:00 +0000</lastBuildDate><atom:link href="https://yourname.github.io/research/index.xml" rel="self" type="application/rss+xml"/><item><title>A Gift for An Autocrat: Failed Coups</title><link>https://yourname.github.io/research/working-papers/a-gift-for-an-autocrat/</link><pubDate>Tue, 15 Apr 2025 00:00:00 +0000</pubDate><guid>https://yourname.github.io/research/working-papers/a-gift-for-an-autocrat/</guid><description/></item><item><title>More Violence More Rewards: Appointment of Governors</title><link>https://yourname.github.io/research/working-papers/more-violence-more-rewards/</link><pubDate>Tue, 15 Apr 2025 00:00:00 +0000</pubDate><guid>https://yourname.github.io/research/working-papers/more-violence-more-rewards/</guid><description/></item><item><title>Ripe moments for terror attacks: Opportunity benefits–reputation tradeoff</title><link>https://yourname.github.io/research/articles/ripe-moments/</link><pubDate>Fri, 21 Feb 2025 00:00:00 +0000</pubDate><guid>https://yourname.github.io/research/articles/ripe-moments/</guid><description/></item><item><title> Political Islam in Tunisia: The History of Ennahda by Anne Wolf (Book Review)</title><link>https://yourname.github.io/research/articles/tunisia-ennahda/</link><pubDate>Tue, 15 Jan 2019 00:00:00 +0000</pubDate><guid>https://yourname.github.io/research/articles/tunisia-ennahda/</guid><description/></item></channel></rss>