<?xml version="1.0" encoding="utf-8" standalone="yes"?><rss version="2.0" xmlns:atom="http://www.w3.org/2005/Atom" xmlns:content="http://purl.org/rss/1.0/modules/content/"><channel><title>Humanitarian-Crisis on Yusuf Evirgen</title><link>https://yourname.github.io/tags/humanitarian-crisis/</link><description>Recent content in Humanitarian-Crisis on Yusuf Evirgen</description><generator>Hugo -- 0.147.0</generator><language>en</language><lastBuildDate>Fri, 21 Feb 2025 00:00:00 +0000</lastBuildDate><atom:link href="https://yourname.github.io/tags/humanitarian-crisis/index.xml" rel="self" type="application/rss+xml"/><item><title>Ripe moments for terror attacks: Opportunity benefits–reputation tradeoff</title><link>https://yourname.github.io/research/articles/ripe-moments/</link><pubDate>Fri, 21 Feb 2025 00:00:00 +0000</pubDate><guid>https://yourname.github.io/research/articles/ripe-moments/</guid><description/></item></channel></rss>