<?xml version="1.0" encoding="utf-8" standalone="yes"?><rss version="2.0" xmlns:atom="http://www.w3.org/2005/Atom" xmlns:content="http://purl.org/rss/1.0/modules/content/"><channel><title>Tunisia on Yusuf Evirgen</title><link>https://yourname.github.io/tags/tunisia/</link><description>Recent content in Tunisia on Yusuf Evirgen</description><generator>Hugo -- 0.147.0</generator><language>en</language><lastBuildDate>Tue, 15 Jan 2019 00:00:00 +0000</lastBuildDate><atom:link href="https://yourname.github.io/tags/tunisia/index.xml" rel="self" type="application/rss+xml"/><item><title> Political Islam in Tunisia: The History of Ennahda by Anne Wolf (Book Review)</title><link>https://yourname.github.io/research/articles/tunisia-ennahda/</link><pubDate>Tue, 15 Jan 2019 00:00:00 +0000</pubDate><guid>https://yourname.github.io/research/articles/tunisia-ennahda/</guid><description/></item></channel></rss>