<?xml version="1.0" encoding="utf-8" standalone="yes"?><rss version="2.0" xmlns:atom="http://www.w3.org/2005/Atom" xmlns:content="http://purl.org/rss/1.0/modules/content/"><channel><title>Local-NGOs on Yusuf Evirgen</title><link>https://yourname.github.io/tags/local-ngos/</link><description>Recent content in Local-NGOs on Yusuf Evirgen</description><generator>Hugo -- 0.147.0</generator><language>en</language><atom:link href="https://yourname.github.io/tags/local-ngos/index.xml" rel="self" type="application/rss+xml"/><item><title>State Repression Data from 1990 to 2024 in Turkey</title><link>https://yourname.github.io/data/daily-repression-data/</link><pubDate>Mon, 01 Jan 0001 00:00:00 +0000</pubDate><guid>https://yourname.github.io/data/daily-repression-data/</guid><description>A comprehensive dataset of daily state repression in Turkey.</description></item></channel></rss>