<?xml version="1.0" encoding="utf-8" standalone="yes"?><rss version="2.0" xmlns:atom="http://www.w3.org/2005/Atom" xmlns:content="http://purl.org/rss/1.0/modules/content/"><channel><title>Academic on Yusuf Evirgen</title><link>http://localhost:53072/tags/academic/</link><description>Recent content in Academic on Yusuf Evirgen</description><generator>Hugo -- 0.147.0</generator><language>en</language><lastBuildDate>Mon, 15 May 2023 00:00:00 +0000</lastBuildDate><atom:link href="http://localhost:53072/tags/academic/index.xml" rel="self" type="application/rss+xml"/><item><title>Example Research Paper</title><link>http://localhost:53072/publications/sample-paper/</link><pubDate>Mon, 15 May 2023 00:00:00 +0000</pubDate><guid>http://localhost:53072/publications/sample-paper/</guid><description>A brief summary of the example research paper</description></item></channel></rss>