<?xml version="1.0" encoding="utf-8" standalone="yes"?><rss version="2.0" xmlns:atom="http://www.w3.org/2005/Atom" xmlns:content="http://purl.org/rss/1.0/modules/content/"><channel><title>Unitary-State on Yusuf Evirgen</title><link>https://yourname.github.io/tags/unitary-state/</link><description>Recent content in Unitary-State on Yusuf Evirgen</description><generator>Hugo -- 0.147.0</generator><language>en</language><lastBuildDate>Tue, 15 Apr 2025 00:00:00 +0000</lastBuildDate><atom:link href="https://yourname.github.io/tags/unitary-state/index.xml" rel="self" type="application/rss+xml"/><item><title>More Violence More Rewards: Appointment of Governors</title><link>https://yourname.github.io/research/working-papers/more-violence-more-rewards/</link><pubDate>Tue, 15 Apr 2025 00:00:00 +0000</pubDate><guid>https://yourname.github.io/research/working-papers/more-violence-more-rewards/</guid><description/></item></channel></rss>