<?xml version="1.0" encoding="utf-8" standalone="yes"?><rss version="2.0" xmlns:atom="http://www.w3.org/2005/Atom" xmlns:content="http://purl.org/rss/1.0/modules/content/"><channel><title>Relevant-Tag-3 on Yusuf Evirgen</title><link>http://localhost:53072/tags/relevant-tag-3/</link><description>Recent content in Relevant-Tag-3 on Yusuf Evirgen</description><generator>Hugo -- 0.147.0</generator><language>en</language><lastBuildDate>Sat, 27 Apr 2024 00:00:00 +0000</lastBuildDate><atom:link href="http://localhost:53072/tags/relevant-tag-3/index.xml" rel="self" type="application/rss+xml"/><item><title>Title of Your New Paper</title><link>http://localhost:53072/research/papers/new-paper/</link><pubDate>Sat, 27 Apr 2024 00:00:00 +0000</pubDate><guid>http://localhost:53072/research/papers/new-paper/</guid><description>&lt;h2 id="introduction">Introduction&lt;/h2>
&lt;p>Begin with an introduction to your research topic. Describe the context, importance, and relevance of your work.&lt;/p>
&lt;h2 id="research-question">Research Question&lt;/h2>
&lt;p>Clearly state the research question or hypothesis that your paper addresses.&lt;/p>
&lt;h2 id="methodology">Methodology&lt;/h2>
&lt;p>Describe the approach, data, and analytical methods used in your research.&lt;/p>
&lt;h2 id="key-findings">Key Findings&lt;/h2>
&lt;p>Summarize the most important results from your paper.&lt;/p>
&lt;h2 id="implications">Implications&lt;/h2>
&lt;p>Discuss what your findings mean for theory, practice, or policy.&lt;/p>
&lt;h2 id="conclusion">Conclusion&lt;/h2>
&lt;p>Wrap up with the broader significance of your work and potential areas for future research.&lt;/p></description></item></channel></rss>