<?xml version="1.0" encoding="utf-8" standalone="yes"?><rss version="2.0" xmlns:atom="http://www.w3.org/2005/Atom" xmlns:content="http://purl.org/rss/1.0/modules/content/"><channel><title>State-Repression on Yusuf Evirgen</title><link>https://yourname.github.io/tags/state-repression/</link><description>Recent content in State-Repression on Yusuf Evirgen</description><generator>Hugo -- 0.147.0</generator><language>en</language><lastBuildDate>Tue, 15 Apr 2025 00:00:00 +0000</lastBuildDate><atom:link href="https://yourname.github.io/tags/state-repression/index.xml" rel="self" type="application/rss+xml"/><item><title>A Gift for An Autocrat: Failed Coups</title><link>https://yourname.github.io/research/working-papers/a-gift-for-an-autocrat/</link><pubDate>Tue, 15 Apr 2025 00:00:00 +0000</pubDate><guid>https://yourname.github.io/research/working-papers/a-gift-for-an-autocrat/</guid><description/></item><item><title>State Repression Data from 1990 to 2024 in Turkey</title><link>https://yourname.github.io/data/daily-repression-data/</link><pubDate>Mon, 01 Jan 0001 00:00:00 +0000</pubDate><guid>https://yourname.github.io/data/daily-repression-data/</guid><description>A comprehensive dataset of daily state repression in Turkey.</description></item></channel></rss>