<?xml version="1.0" encoding="utf-8" standalone="yes"?><rss version="2.0" xmlns:atom="http://www.w3.org/2005/Atom" xmlns:content="http://purl.org/rss/1.0/modules/content/"><channel><title>Economic-Equity on Yusuf Evirgen</title><link>http://localhost:53687/tags/economic-equity/</link><description>Recent content in Economic-Equity on Yusuf Evirgen</description><generator>Hugo -- 0.147.0</generator><language>en</language><lastBuildDate>Fri, 10 Nov 2023 00:00:00 +0000</lastBuildDate><atom:link href="http://localhost:53687/tags/economic-equity/index.xml" rel="self" type="application/rss+xml"/><item><title>Economic Impact of Climate Policy on Rural Communities</title><link>http://localhost:53687/research/working-papers/economic-impact/</link><pubDate>Fri, 10 Nov 2023 00:00:00 +0000</pubDate><guid>http://localhost:53687/research/working-papers/economic-impact/</guid><description/></item></channel></rss>