<?xml version="1.0" encoding="utf-8" standalone="yes"?><rss version="2.0" xmlns:atom="http://www.w3.org/2005/Atom" xmlns:content="http://purl.org/rss/1.0/modules/content/"><channel><title>Tag3 on Yusuf Evirgen</title><link>http://localhost:54098/tags/tag3/</link><description>Recent content in Tag3 on Yusuf Evirgen</description><generator>Hugo -- 0.147.0</generator><language>en</language><lastBuildDate>Sat, 27 Apr 2024 00:00:00 +0000</lastBuildDate><atom:link href="http://localhost:54098/tags/tag3/index.xml" rel="self" type="application/rss+xml"/><item><title>Dataset Title</title><link>http://localhost:54098/data/new-dataset/</link><pubDate>Sat, 27 Apr 2024 00:00:00 +0000</pubDate><guid>http://localhost:54098/data/new-dataset/</guid><description>Brief description of the dataset, its contents, and potential applications. This summary will appear in dataset listings.</description></item></channel></rss>