<?xml version="1.0" encoding="utf-8" standalone="yes"?><rss version="2.0" xmlns:atom="http://www.w3.org/2005/Atom" xmlns:content="http://purl.org/rss/1.0/modules/content/"><channel><title>Topics on Yusuf Evirgen</title><link>https://yourname.github.io/tags/</link><description>Recent content in Topics on Yusuf Evirgen</description><generator>Hugo -- 0.147.0</generator><language>en</language><lastBuildDate>Tue, 15 Apr 2025 00:00:00 +0000</lastBuildDate><atom:link href="https://yourname.github.io/tags/index.xml" rel="self" type="application/rss+xml"/><item><title>Coups</title><link>https://yourname.github.io/tags/coups/</link><pubDate>Tue, 15 Apr 2025 00:00:00 +0000</pubDate><guid>https://yourname.github.io/tags/coups/</guid><description/></item><item><title>Elections</title><link>https://yourname.github.io/tags/elections/</link><pubDate>Tue, 15 Apr 2025 00:00:00 +0000</pubDate><guid>https://yourname.github.io/tags/elections/</guid><description/></item><item><title>Failed-Coups</title><link>https://yourname.github.io/tags/failed-coups/</link><pubDate>Tue, 15 Apr 2025 00:00:00 +0000</pubDate><guid>https://yourname.github.io/tags/failed-coups/</guid><description/></item><item><title>Governors</title><link>https://yourname.github.io/tags/governors/</link><pubDate>Tue, 15 Apr 2025 00:00:00 +0000</pubDate><guid>https://yourname.github.io/tags/governors/</guid><description/></item><item><title>Human-Rights</title><link>https://yourname.github.io/tags/human-rights/</link><pubDate>Tue, 15 Apr 2025 00:00:00 +0000</pubDate><guid>https://yourname.github.io/tags/human-rights/</guid><description/></item><item><title>Political-Opportunity-Structure</title><link>https://yourname.github.io/tags/political-opportunity-structure/</link><pubDate>Tue, 15 Apr 2025 00:00:00 +0000</pubDate><guid>https://yourname.github.io/tags/political-opportunity-structure/</guid><description/></item><item><title>State-Repressin</title><link>https://yourname.github.io/tags/state-repressin/</link><pubDate>Tue, 15 Apr 2025 00:00:00 +0000</pubDate><guid>https://yourname.github.io/tags/state-repressin/</guid><description/></item><item><title>State-Repression</title><link>https://yourname.github.io/tags/state-repression/</link><pubDate>Tue, 15 Apr 2025 00:00:00 +0000</pubDate><guid>https://yourname.github.io/tags/state-repression/</guid><description/></item><item><title>Unitary-State</title><link>https://yourname.github.io/tags/unitary-state/</link><pubDate>Tue, 15 Apr 2025 00:00:00 +0000</pubDate><guid>https://yourname.github.io/tags/unitary-state/</guid><description/></item><item><title>Financial-Crisis</title><link>https://yourname.github.io/tags/financial-crisis/</link><pubDate>Fri, 21 Feb 2025 00:00:00 +0000</pubDate><guid>https://yourname.github.io/tags/financial-crisis/</guid><description/></item><item><title>Humanitarian-Crisis</title><link>https://yourname.github.io/tags/humanitarian-crisis/</link><pubDate>Fri, 21 Feb 2025 00:00:00 +0000</pubDate><guid>https://yourname.github.io/tags/humanitarian-crisis/</guid><description/></item><item><title>Opportunity–reputation-Tradeoff</title><link>https://yourname.github.io/tags/opportunityreputation-tradeoff/</link><pubDate>Fri, 21 Feb 2025 00:00:00 +0000</pubDate><guid>https://yourname.github.io/tags/opportunityreputation-tradeoff/</guid><description/></item><item><title>Security-Crisis</title><link>https://yourname.github.io/tags/security-crisis/</link><pubDate>Fri, 21 Feb 2025 00:00:00 +0000</pubDate><guid>https://yourname.github.io/tags/security-crisis/</guid><description/></item><item><title>Terrorist-Attacks</title><link>https://yourname.github.io/tags/terrorist-attacks/</link><pubDate>Fri, 21 Feb 2025 00:00:00 +0000</pubDate><guid>https://yourname.github.io/tags/terrorist-attacks/</guid><description/></item><item><title>Data-Visualization</title><link>https://yourname.github.io/tags/data-visualization/</link><pubDate>Tue, 15 Aug 2023 00:00:00 +0000</pubDate><guid>https://yourname.github.io/tags/data-visualization/</guid><description/></item><item><title>Matplotlib</title><link>https://yourname.github.io/tags/matplotlib/</link><pubDate>Tue, 15 Aug 2023 00:00:00 +0000</pubDate><guid>https://yourname.github.io/tags/matplotlib/</guid><description/></item><item><title>Python</title><link>https://yourname.github.io/tags/python/</link><pubDate>Tue, 15 Aug 2023 00:00:00 +0000</pubDate><guid>https://yourname.github.io/tags/python/</guid><description/></item><item><title>Al-Nahda</title><link>https://yourname.github.io/tags/al-nahda/</link><pubDate>Tue, 15 Jan 2019 00:00:00 +0000</pubDate><guid>https://yourname.github.io/tags/al-nahda/</guid><description/></item><item><title>Ennahda</title><link>https://yourname.github.io/tags/ennahda/</link><pubDate>Tue, 15 Jan 2019 00:00:00 +0000</pubDate><guid>https://yourname.github.io/tags/ennahda/</guid><description/></item><item><title>Political-Islam</title><link>https://yourname.github.io/tags/political-islam/</link><pubDate>Tue, 15 Jan 2019 00:00:00 +0000</pubDate><guid>https://yourname.github.io/tags/political-islam/</guid><description/></item><item><title>Social-Movements</title><link>https://yourname.github.io/tags/social-movements/</link><pubDate>Tue, 15 Jan 2019 00:00:00 +0000</pubDate><guid>https://yourname.github.io/tags/social-movements/</guid><description/></item><item><title>Tunisia</title><link>https://yourname.github.io/tags/tunisia/</link><pubDate>Tue, 15 Jan 2019 00:00:00 +0000</pubDate><guid>https://yourname.github.io/tags/tunisia/</guid><description/></item><item><title>Local-NGOs</title><link>https://yourname.github.io/tags/local-ngos/</link><pubDate>Mon, 01 Jan 0001 00:00:00 +0000</pubDate><guid>https://yourname.github.io/tags/local-ngos/</guid><description/></item><item><title>Measurement-of-State-Repression</title><link>https://yourname.github.io/tags/measurement-of-state-repression/</link><pubDate>Mon, 01 Jan 0001 00:00:00 +0000</pubDate><guid>https://yourname.github.io/tags/measurement-of-state-repression/</guid><description/></item></channel></rss>