<?xml version="1.0" encoding="utf-8" standalone="yes"?><rss version="2.0" xmlns:atom="http://www.w3.org/2005/Atom" xmlns:content="http://purl.org/rss/1.0/modules/content/"><channel><title>Ethics on Yusuf Evirgen</title><link>http://localhost:53072/tags/ethics/</link><description>Recent content in Ethics on Yusuf Evirgen</description><generator>Hugo -- 0.147.0</generator><language>en</language><lastBuildDate>Sat, 10 Feb 2024 00:00:00 +0000</lastBuildDate><atom:link href="http://localhost:53072/tags/ethics/index.xml" rel="self" type="application/rss+xml"/><item><title>Policy Implications of Machine Learning in Healthcare Decision Support</title><link>http://localhost:53072/research/articles/policy-implications/</link><pubDate>Sat, 10 Feb 2024 00:00:00 +0000</pubDate><guid>http://localhost:53072/research/articles/policy-implications/</guid><description/></item></channel></rss>