<?xml version="1.0" encoding="utf-8" standalone="yes"?><rss version="2.0" xmlns:atom="http://www.w3.org/2005/Atom" xmlns:content="http://purl.org/rss/1.0/modules/content/"><channel><title>Public-Policy on Yusuf Evirgen</title><link>http://localhost:1313/tags/public-policy/</link><description>Recent content in Public-Policy on Yusuf Evirgen</description><generator>Hugo -- 0.147.0</generator><language>en</language><lastBuildDate>Mon, 15 Jan 2024 00:00:00 +0000</lastBuildDate><atom:link href="http://localhost:1313/tags/public-policy/index.xml" rel="self" type="application/rss+xml"/><item><title>Data Visualization for Public Policy</title><link>http://localhost:1313/teaching/data-visualization/</link><pubDate>Mon, 15 Jan 2024 00:00:00 +0000</pubDate><guid>http://localhost:1313/teaching/data-visualization/</guid><description>Undergraduate course on creating effective data visualizations for policy communication</description></item></channel></rss>