<?xml version="1.0" encoding="utf-8" standalone="yes"?><rss version="2.0" xmlns:atom="http://www.w3.org/2005/Atom" xmlns:content="http://purl.org/rss/1.0/modules/content/"><channel><title>Environmental-Science on Yusuf Evirgen</title><link>http://localhost:55030/tags/environmental-science/</link><description>Recent content in Environmental-Science on Yusuf Evirgen</description><generator>Hugo -- 0.147.0</generator><language>en</language><atom:link href="http://localhost:55030/tags/environmental-science/index.xml" rel="self" type="application/rss+xml"/><item><title>State Repression Data from 1990 to 2024 in Turkey</title><link>http://localhost:55030/data/daily-repression-data/</link><pubDate>Mon, 01 Jan 0001 00:00:00 +0000</pubDate><guid>http://localhost:55030/data/daily-repression-data/</guid><description>A comprehensive dataset of global temperature, precipitation, and atmospheric CO2 measurements from 1950 to 2023, with monthly resolution and regional breakdowns.</description></item></channel></rss>