<?xml version="1.0" encoding="utf-8" standalone="yes"?><rss version="2.0" xmlns:atom="http://www.w3.org/2005/Atom" xmlns:content="http://purl.org/rss/1.0/modules/content/"><channel><title>Coastal-Ecosystems on Yusuf Evirgen</title><link>http://localhost:53687/tags/coastal-ecosystems/</link><description>Recent content in Coastal-Ecosystems on Yusuf Evirgen</description><generator>Hugo -- 0.147.0</generator><language>en</language><lastBuildDate>Fri, 15 Sep 2023 00:00:00 +0000</lastBuildDate><atom:link href="http://localhost:53687/tags/coastal-ecosystems/index.xml" rel="self" type="application/rss+xml"/><item><title>Effects of Climate Change on Coastal Ecosystems</title><link>http://localhost:53687/research/articles/sample-article/</link><pubDate>Fri, 15 Sep 2023 00:00:00 +0000</pubDate><guid>http://localhost:53687/research/articles/sample-article/</guid><description/></item></channel></rss>