<?xml version="1.0" encoding="utf-8" standalone="yes"?><rss version="2.0" xmlns:atom="http://www.w3.org/2005/Atom" xmlns:content="http://purl.org/rss/1.0/modules/content/"><channel><title>Statistics on Yusuf Evirgen</title><link>http://localhost:1313/tags/statistics/</link><description>Recent content in Statistics on Yusuf Evirgen</description><generator>Hugo -- 0.147.0</generator><language>en</language><lastBuildDate>Fri, 01 Sep 2023 00:00:00 +0000</lastBuildDate><atom:link href="http://localhost:1313/tags/statistics/index.xml" rel="self" type="application/rss+xml"/><item><title>Advanced Research Methods</title><link>http://localhost:1313/teaching/sample-course/</link><pubDate>Fri, 01 Sep 2023 00:00:00 +0000</pubDate><guid>http://localhost:1313/teaching/sample-course/</guid><description>Graduate-level course on advanced research methods and statistical analysis</description></item><item><title>Mathematics for Data Analysis</title><link>http://localhost:1313/teaching/mathematics-module/</link><pubDate>Sun, 15 Jan 2023 00:00:00 +0000</pubDate><guid>http://localhost:1313/teaching/mathematics-module/</guid><description>Essential mathematical concepts for data analysis and machine learning</description></item></channel></rss>