<?xml version="1.0" encoding="utf-8" standalone="yes"?><rss version="2.0" xmlns:atom="http://www.w3.org/2005/Atom" xmlns:content="http://purl.org/rss/1.0/modules/content/"><channel><title>Predictive-Modeling on Yusuf Evirgen</title><link>http://localhost:54098/tags/predictive-modeling/</link><description>Recent content in Predictive-Modeling on Yusuf Evirgen</description><generator>Hugo -- 0.147.0</generator><language>en</language><lastBuildDate>Mon, 15 Jan 2024 00:00:00 +0000</lastBuildDate><atom:link href="http://localhost:54098/tags/predictive-modeling/index.xml" rel="self" type="application/rss+xml"/><item><title>Machine Learning Approaches to Predicting Policy Outcomes</title><link>http://localhost:54098/research/working-papers/machine-learning/</link><pubDate>Mon, 15 Jan 2024 00:00:00 +0000</pubDate><guid>http://localhost:54098/research/working-papers/machine-learning/</guid><description/></item></channel></rss>