<?xml version="1.0" encoding="utf-8" standalone="yes"?><rss version="2.0" xmlns:atom="http://www.w3.org/2005/Atom" xmlns:content="http://purl.org/rss/1.0/modules/content/"><channel><title>Teaching on Yusuf Evirgen</title><link>https://yourname.github.io/teaching/</link><description>Recent content in Teaching on Yusuf Evirgen</description><generator>Hugo -- 0.147.0</generator><language>en</language><lastBuildDate>Mon, 31 Mar 2025 00:00:00 +0000</lastBuildDate><atom:link href="https://yourname.github.io/teaching/index.xml" rel="self" type="application/rss+xml"/><item><title>Text Mining</title><link>https://yourname.github.io/teaching/text-mining/</link><pubDate>Mon, 31 Mar 2025 00:00:00 +0000</pubDate><guid>https://yourname.github.io/teaching/text-mining/</guid><description>A graduate-level algorithms course focusing on advanced algorithmic techniques, complexity analysis, and specialized algorithms for specific problem domains. Students will implement algorithms and analyze their performance through practical assignments.</description></item><item><title>Math Bootcamp</title><link>https://yourname.github.io/teaching/math-camp-25/</link><pubDate>Sat, 15 Mar 2025 00:00:00 +0000</pubDate><guid>https://yourname.github.io/teaching/math-camp-25/</guid><description>This intensive math bootcamp is designed specifically for political science students seeking to build the quantitative foundations necessary for success in advanced coursework in statistical modeling and game theory.</description></item><item><title>Introduction to Formal Theory</title><link>https://yourname.github.io/teaching/formal-theory-wu/</link><pubDate>Wed, 15 Jan 2025 00:00:00 +0000</pubDate><guid>https://yourname.github.io/teaching/formal-theory-wu/</guid><description>This course is designed to introduce students to the use of formal models to approach social science problems.</description></item><item><title>Data and Society</title><link>https://yourname.github.io/teaching/data-and-society-ford/</link><pubDate>Sun, 15 Dec 2024 00:00:00 +0000</pubDate><guid>https://yourname.github.io/teaching/data-and-society-ford/</guid><description>This course offers experience in discovering, manipulating, analyzing, and visualizing data drawn from various real-world professional, social, and cultural contexts.</description></item><item><title>Introduction to Formal Theory</title><link>https://yourname.github.io/teaching/formal-theory-akcinaroglu/</link><pubDate>Mon, 10 Jun 2024 00:00:00 +0000</pubDate><guid>https://yourname.github.io/teaching/formal-theory-akcinaroglu/</guid><description>This course is designed to introduce students to the use of formal models to approach social science problems.</description></item><item><title>Math Bootcamp</title><link>https://yourname.github.io/teaching/math-camp-24/</link><pubDate>Mon, 15 Jan 2024 00:00:00 +0000</pubDate><guid>https://yourname.github.io/teaching/math-camp-24/</guid><description>This intensive math bootcamp is designed specifically for political science students seeking to build the quantitative foundations necessary for success in advanced coursework in statistical modeling and game theory.</description></item><item><title>Video Games and World Politics</title><link>https://yourname.github.io/teaching/video-games-and-world-politics/</link><pubDate>Mon, 15 Jan 2024 00:00:00 +0000</pubDate><guid>https://yourname.github.io/teaching/video-games-and-world-politics/</guid><description>This course introduces students to the fascinating intersections between video games and world politics.</description></item><item><title>Introduction to Formal Theory</title><link>https://yourname.github.io/teaching/formal-theory-magleby/</link><pubDate>Sun, 15 Jan 2023 00:00:00 +0000</pubDate><guid>https://yourname.github.io/teaching/formal-theory-magleby/</guid><description>This course is designed to introduce students to the use of formal models to approach social science problems.</description></item><item><title>Introduction to American Politics</title><link>https://yourname.github.io/teaching/introduction-to-american-politics/</link><pubDate>Thu, 31 Mar 2022 00:00:00 +0000</pubDate><guid>https://yourname.github.io/teaching/introduction-to-american-politics/</guid><description>Introductory survey of American politics and government, including a review of constitutional foundations, the organization and influence of elections and public opinion, and in-depth looks at the three branches of the national government.</description></item><item><title>Social Movement and Protest</title><link>https://yourname.github.io/teaching/social-movement-and-protest/</link><pubDate>Sat, 15 Jan 2022 00:00:00 +0000</pubDate><guid>https://yourname.github.io/teaching/social-movement-and-protest/</guid><description>An introduction to the fundamental concepts of social movements and protest, examining how movements mobilize under different regime types, the impact of state repression, and when protests lead to political change.</description></item><item><title>Introduction to Comparative Politics</title><link>https://yourname.github.io/teaching/introduction-to-comparative-politics/</link><pubDate>Wed, 31 Mar 2021 00:00:00 +0000</pubDate><guid>https://yourname.github.io/teaching/introduction-to-comparative-politics/</guid><description>This course is an introduction to the political systems of countries around the world.</description></item></channel></rss>